,First_Name,Last_Name,Email,Password
0,Anna,Torres,ATorres@gmail.com,L;tVMr\</Ai*8^5/
1,Penelope,Ward,PWard@gmail.com,xJH.I;7qBZEp
2,Owen,Nelson,ONelson@gmail.com,:->]&U*0$n
3,Carter,Campbell,CCampbell@gmail.com,"Cyh'on!]""clw%t2"
4,Reagan,James,RJames@gmail.com,"L""+'VtFXriL?l$@""`^T"
5,Hazel,Wilson,HWilson@gmail.com,"Wu,i[u8^n\IE8hzL"
6,Eva,Martinez,EMartinez@gmail.com,5V`_f*8hIy:R
7,Maverick,Scott,MScott@gmail.com,7xspDk%{}#1@
8,Alexander,Coleman,AColeman@gmail.com,)~iI|#%>>sxye
9,Benjamin,Hernandez,BHernandez@gmail.com,"arB6A$X/+|"""
10,Eva,Evans,EEvans@gmail.com,ot+HY<.7
11,Genesis,Allen,GAllen@gmail.com,V@P!jk*_jsSLoM
12,Ian,Sanders,ISanders@gmail.com,*(PBm:/1Pe]a!B&^N
13,David,Perry,DPerry@gmail.com,QdPF@tG\mz
14,Paisley,Rivera,PRivera@gmail.com,PEg;FjFemn8E
15,Eva,Edwards,EEdwards@gmail.com,vgwqJ4((MOke[9X/n'4Y
16,Ian,Jenkins,IJenkins@gmail.com,{=O^D:10=$
17,Natalie,Hill,NHill@gmail.com,k.]Hquo`.8w0S'0W
18,Adam,Jones,AJones@gmail.com,$38u<qH^qUs
19,Autumn,Wright,AWright@gmail.com,&JXjJ6;t~
20,Gabriel,Brown,GBrown@gmail.com,"um+Kh,Q4D@F2"
